MainAgent,TargetAgent,SelfReflectionSatisfactionScore,SelfReflectionLengthFeedback,SelfReflectionDecision,SelfAnalysis,Self Reflection Ambition,Self Reflection Attractiveness,Self Reflection Fun,Self Reflection Intelligence,Self Reflection Shared Interest,Self Reflection Sincerity,CompatibilityScore,Transcript Ambition,Transcript_Attractiveness,Transcript_Fun,Transcript_Intelligence,Transcript_SharedInterests,Transcript_Sincerity,TranscriptDecision,KeyFactors,TranscriptAnalysis,DateContext,RunNumber
Yuki,Anaya,78,Just right,yes,"The interaction with Anaya was enjoyable and engaging. We shared a mutual interest in trying new food combinations, which made the conversation lively and fun. Anaya seemed sincere and intelligent, and I appreciated her laid-back attitude. There was a good level of shared interests, especially in exploring new experiences. While there weren't any major red flags, I felt a genuine connection and potential for future interactions. Overall, it was a positive experience, and I would like to see Anaya again.",70,75,78,80,82,85,65,55,70,65,60,70,75,yes,"['Shared interest in trying new foods', 'Casual and friendly conversation', 'Lack of deep emotional connection', 'Positive atmosphere at the meeting place', 'Potential for growth in future interactions']","Yuki and Anaya's conversation was cordial and pleasant, but it lacked depth and emotional connection. They both showed interest in food and trying new things, which is a positive sign of shared interests. However, the conversation stayed on the surface level, focusing mainly on casual topics like food and campus life. There was no exploration of deeper values, goals, or personal stories that could have strengthened their connection. While they both expressed enjoyment of the date, there was no indication of a strong emotional bond forming. The interaction felt more like a friendly chat rather than a romantic connection.",You are on your first date at Stanford's Treehouse during the last day of the fall quarter.,1
Yuki,Anika,85,Just right,yes,"The interaction with Anika was engaging and enjoyable, with a strong connection over shared interests in literature and creativity. Anika's sincerity and intelligence were apparent, and her interest in AI and storytelling resonated with my own artistic pursuits. The conversation flowed naturally, and I appreciated her thoughtful insights. There were no red flags, and I felt a genuine spark that suggests potential for future interactions. Overall, it was a positive experience, and I would like to see Anika again.",80,80,75,85,95,90,75,75,70,65,85,90,80,yes,"['Strong shared interest in creativity and storytelling', 'Natural conversation flow with mutual appreciation', 'Lack of deep emotional connection or vulnerability', 'Both are ambitious and intellectually curious', 'Potential for growth in emotional depth']","Yuki and Anika's conversation was pleasant and flowed naturally, indicating a good initial connection. Both share a strong interest in creativity and storytelling, with specific mentions of Haruki Murakami and Studio Ghibli, which suggests a significant overlap in their artistic tastes. They also discussed personal projects, indicating ambition and intellectual curiosity. However, the conversation remained somewhat surface-level, lacking deeper emotional exploration or vulnerability. While they both expressed interest in meeting again, the interaction was more about shared interests than personal connection or emotional depth.",You are on your first date at Stanford's Treehouse during the last day of the fall quarter.,1
Yuki,Anjali,75,Just right,yes,"The interaction with Anjali was pleasant and engaging. We shared a mutual interest in travel and exploring new cultures, which provided a good foundation for our conversation. Anjali seemed sincere and intelligent, and I appreciated her enthusiasm for visiting new places. The conversation flowed naturally, and there were no red flags. While there wasn't an overwhelming spark, there was enough potential to warrant another meeting. Overall, it was a good match with room for further exploration.",70,70,75,85,80,80,58,70,70,60,65,65,75,no,"['Both enjoy traveling and trying new foods, which is a positive shared interest.', 'The conversation was polite and respectful, indicating sincerity.', 'Lack of emotional depth and personal topics suggests weak emotional connection.', 'No notable red flags, but also no strong chemistry.', 'Conversation was more about exchanging pleasantries than forming a deep bond.']","The interaction between Yuki and Anjali was polite and pleasant, but lacked depth and a strong emotional connection. While they both expressed interest in travel and trying new foods, the conversation remained surface-level and did not delve into more personal or meaningful topics. Both participants seemed to be on their best behavior, which is typical for a first date, but there was no indication of a strong spark or chemistry. The conversation flowed naturally, but it was more of an exchange of pleasantries than a deep connection. There were no apparent red flags, but also no standout moments that would suggest a strong compatibility.",You are on your first date at Stanford's Treehouse during the last day of the fall quarter.,1
Yuki,Anwen,75,Just right,yes,"The interaction with Anwen was pleasant and engaging. We had a good conversation about our favorite foods and shared a mutual appreciation for the Treehouse. Anwen seemed sincere and intelligent, with a good sense of fun. While there wasn't an overwhelming spark, there was enough interest and compatibility to warrant another meeting. The conversation flowed naturally, and there were no red flags. Overall, it was a positive experience with potential for further connection.",72,70,78,75,68,80,58,60,70,50,65,55,75,yes,"['Both enjoy the Treehouse and its atmosphere, indicating some shared taste in environment.', 'Conversation was polite and respectful, showing mutual sincerity.', 'Both expressed a willingness to meet again, suggesting openness to further interaction.', 'Lack of deeper topics or personal sharing limits the emotional connection.', 'No significant humor or playfulness was observed, which might affect long-term compatibility.']","The conversation between Yuki and Anwen was pleasant but lacked depth and emotional connection. They both seemed polite and interested in each other's opinions about the venue and food, which is a good start. However, the interaction was quite surface-level, focusing mainly on the environment and food preferences without delving into personal topics or values. While they both expressed enjoyment and a desire to meet again, the conversation did not reveal much about their personalities or deeper interests. There was no significant display of humor, vulnerability, or unique insights, which are often key to forming a strong connection. Overall, the interaction was cordial but unremarkable.",You are on your first date at Stanford's Treehouse during the last day of the fall quarter.,1
Yuki,Arjun,78,Just right,yes,"The interaction with Arjun was pleasant and engaging. He seemed sincere and intelligent, with a strong sense of ambition, especially in his work on accessibility features. While we didn't have a lot of shared interests, his passion for martial arts and technology was intriguing. The conversation was well-paced and felt natural, with no red flags. Overall, there was potential for further connection, and I would be interested in seeing him again to explore more common ground.",90,75,70,80,65,85,58,65,70,60,80,50,75,no,"['Polite and respectful interaction', 'Lack of deep emotional connection', 'Distinct and separate interests', 'Smooth conversation flow', 'Limited shared values or hobbies']","Yuki and Arjun's conversation was polite and friendly, but lacked depth and genuine emotional connection. While they both expressed interest in each other's activities, the interaction felt more like a polite exchange rather than a meaningful connection. They both have distinct interests, with Yuki focused on cultural clubs and Arjun on technology and martial arts. Although they showed appreciation for each other's passions, there was little overlap in their interests, which might limit the depth of their connection. The conversation flow was smooth, but it did not reveal much about their personalities or deeper values. Both seemed to be on their best behavior, which is typical for a first date, but it also meant that there was little vulnerability or authenticity displayed. Overall, while they might enjoy each other's company, the lack of shared interests and deeper emotional connection suggests only a moderate compatibility.",You are on your first date at Stanford's Treehouse during the last day of the fall quarter.,1
Yuki,Camila,78,Just right,yes,"The interaction with Camila was engaging and enjoyable. We shared a lot of common interests, especially in creative pursuits like writing and art. Her sincerity and intelligence were evident, and I appreciated her openness to exploring new ideas, such as combining writing with ballet. There was a genuine connection, and I felt comfortable discussing personal topics. While there were no major red flags, the conversation was more polite than deeply passionate. However, the potential for a deeper connection is there, and I would like to explore it further.",75,75,70,80,80,85,65,70,70,65,80,85,75,yes,"['Shared interest in creative arts and storytelling', 'Cultural appreciation and background influence', 'Polite and respectful communication', 'Lack of deeper emotional connection', 'Surface-level conversation without addressing potential challenges']","Yuki and Camila's conversation was pleasant and polite, with a natural flow and mutual interest in creative pursuits. They both showed genuine curiosity about each other's backgrounds and hobbies, which suggests a good level of engagement. However, the conversation remained surface-level, focusing mainly on shared interests without delving into deeper emotional topics or personal values. While they both enjoy creative activities, the discussion lacked exploration of potential differences or challenges they might face. Their interaction was friendly and respectful, but it didn't reveal any strong emotional connection or unique compatibility factors beyond shared interests in art and culture.",You are on your first date at Stanford's Treehouse during the last day of the fall quarter.,1
Yuki,Diego,78,Just right,yes,"The interaction with Diego was enjoyable and engaging. We shared a mutual interest in creative projects, and I appreciated his sincerity and intelligence. The conversation flowed naturally, and there were no red flags. Diego's interest in music and my passion for writing provided a common ground, and I felt a genuine connection. While there wasn't an overwhelming spark, there is potential for a deeper connection. Overall, it was a positive experience, and I would like to see him again to explore this further.",75,75,70,80,80,85,65,70,70,60,80,65,75,yes,"['Both have creative interests, which is a positive common ground.', 'The conversation was polite and respectful, indicating good manners.', 'There was a lack of emotional depth or excitement.', 'Their interests align but are not deeply explored during the conversation.', 'Potential for future connection exists but needs more exploration.']","Yuki and Diego's conversation was cordial and polite, with both parties showing interest in each other's creative pursuits. However, the interaction lacked depth and spontaneity, often feeling more like an exchange of pleasantries rather than a genuine connection. While they share some common interests in creativity and culture, there is no strong indication of emotional chemistry or a deeper bond. The conversation was smooth but somewhat generic, lacking any memorable or standout moments. Both seemed to be on their best behavior, which is typical for a first date, but there was no significant spark or excitement evident in their dialogue.",You are on your first date at Stanford's Treehouse during the last day of the fall quarter.,1
Yuki,Elena,78,Just right,yes,"The interaction with Elena was enjoyable and engaging. We shared a mutual interest in outdoor activities, which provided a good foundation for our conversation. Elena seemed sincere and intelligent, and I appreciated her enthusiasm for biking and exploring new trails. While there wasn't an overwhelming spark, the conversation flowed naturally, and I felt comfortable. There were no red flags, and I sensed potential for a deeper connection. Overall, it was a positive experience, and I would be interested in seeing her again to explore our shared interests further.",65,75,70,80,80,85,68,70,70,60,65,80,75,yes,"['Shared interest in outdoor activities', 'Smooth conversation flow', 'Lack of emotional depth', 'Surface-level interaction', 'Potential for future connection through shared activities']","Yuki and Elena's conversation was pleasant but lacked depth and emotional connection. They shared a mutual interest in outdoor activities, which is a positive aspect. However, the interaction remained surface-level, focusing mainly on hobbies without delving into more personal or meaningful topics. The conversation flow was smooth, but it felt more like an exchange of pleasantries rather than a genuine connection. Both seemed polite and interested in each other's activities, but there was no significant emotional engagement or exploration of shared values beyond their love for the outdoors.",You are on your first date at Stanford's Treehouse during the last day of the fall quarter.,1
Yuki,Eleni,78,Just right,yes,"The interaction with Eleni was pleasant and engaging. We shared a mutual interest in travel and art, which made the conversation flow naturally. Eleni seemed sincere and intelligent, and I appreciated her interest in architecture and Japan. While there wasn't an immediate spark, there was a comfortable connection, and I felt there was potential for a deeper relationship. Overall, it was a good match with no major red flags, and I would be interested in seeing Eleni again to explore our shared interests further.",75,75,70,80,80,85,55,60,60,50,65,65,70,no,"['Polite and respectful interaction', 'Shared interest in travel and art', 'Lack of emotional depth', 'Surface-level conversation', 'No clear indication of shared values']","Yuki and Eleni's conversation is polite and cordial, with both showing interest in each other's plans and backgrounds. They discuss their respective travel plans and share a mutual appreciation for art and culture. However, the interaction lacks depth and emotional connection, as it remains on a surface level without delving into personal values or deeper topics. The conversation flows naturally, but it feels more like an exchange of pleasantries rather than a meaningful connection. While they have some shared interests, such as travel and art, there's no indication of a strong emotional bond or shared values that could indicate a higher level of compatibility.",You are on your first date at Stanford's Treehouse during the last day of the fall quarter.,1
Yuki,Ethan,78,Just right,yes,"The interaction with Ethan was engaging and pleasant. We shared a mutual interest in exploring different cultures, which provided a strong basis for our conversation. Ethan seemed sincere and intelligent, and I appreciated his diverse background and experiences. While there wasn't an overwhelming spark, there was enough common ground and potential for a meaningful connection. I would be interested in seeing him again to explore our shared interests further.",75,75,70,80,80,85,65,70,70,65,80,85,75,yes,"['Shared interest in Beat Saber and gaming.', 'Both have multicultural experiences and interests.', 'Conversation is polite but lacks depth.', 'No significant red flags or concerning behavior.', 'Potential for deeper connection with more interaction.']","Yuki and Ethan's conversation is polite and cordial, but lacks depth and emotional connection. They touch on shared interests like Beat Saber and cultural experiences, which is a positive sign. However, the conversation remains surface-level, with no significant exploration of personal values or deeper topics. Both participants seem to be on their best behavior, which is typical for a first date, but there's a lack of spontaneity and genuine emotional exchange. Their interaction is pleasant but doesn't suggest a strong romantic or emotional connection.",You are on your first date at Stanford's Treehouse during the last day of the fall quarter.,1
Yuki,Jinara,78,Just right,yes,"The interaction with Jinara was engaging and enjoyable. We shared a lot of common interests, particularly in storytelling and gaming, which made the conversation flow naturally. Jinara seemed sincere and intelligent, and I appreciated their thoughtful insights into narratives and moral dilemmas. While there wasn't an overwhelming spark, the conversation was pleasant and had potential for further connection. Overall, it was a good match, and I'd be interested in seeing Jinara again to explore our shared interests further.",65,75,70,80,90,85,65,60,70,65,80,85,75,yes,"['Shared interest in storytelling and gaming', 'Natural conversation flow', 'Lack of deep emotional connection', 'Surface-level interaction', 'Potential for growth in shared activities']","Yuki and Jinara's conversation reveals a decent level of compatibility, primarily driven by shared interests in storytelling and gaming. The interaction flows naturally, with both parties showing genuine curiosity about each other's hobbies and preferences. However, the dialogue lacks depth in emotional connection and personal insight, focusing more on surface-level interests rather than exploring deeper values or personal experiences. While they share common ground in their appreciation for narratives and creativity, there is little indication of a strong emotional bond or significant personal chemistry. The conversation is pleasant but somewhat generic, lacking the spark that might indicate a truly exceptional match.",You are on your first date at Stanford's Treehouse during the last day of the fall quarter.,1
Yuki,Jinaya,78,Just right,yes,"The interaction with Jinaya was engaging and intellectually stimulating. We shared a lot of interests, particularly in the intersection of technology and culture, which made the conversation flow naturally. Jinaya seemed sincere and ambitious, with a clear passion for integrating AI with fashion, which aligns well with my interests in cultural and technological intersections. The conversation length was just right, allowing us to explore our topics of interest without feeling rushed. Overall, there was a genuine connection, and I would be interested in seeing Jinaya again to explore our shared interests further.",80,75,70,90,85,85,68,80,70,60,85,77,75,yes,"['Shared intellectual interests in technology and culture', 'Lack of personal emotional connection', 'Potential for deeper discussions on shared values', 'Professional tone rather than personal engagement', ""Mutual respect and curiosity about each other's work""]","Yuki and Jinaya's conversation on their first date at Stanford's Treehouse reveals a promising interaction, albeit with room for improvement. They both exhibit a genuine interest in each other's projects, which is a positive indicator of compatibility. Their discussion about cultural influences in tech and AI in fashion demonstrates shared intellectual curiosity and a potential for deeper connection. However, the conversation lacks depth in terms of personal emotional connection and remains largely focused on academic and professional interests. While they share similar values regarding technology's role in culture and fashion, the interaction feels more like a professional networking exchange rather than a personal date. There's no evident awkwardness, but the conversation could benefit from more personal engagement to strengthen emotional ties.",You are on your first date at Stanford's Treehouse during the last day of the fall quarter.,1
Yuki,Jinhee,78,Just right,yes,"The interaction with Jinhee was pleasant and engaging. We shared similar family traditions and interests, which made the conversation flow naturally. Jinhee seemed sincere and intelligent, and there was a genuine connection over our cultural backgrounds and holiday plans. While there wasn't an overwhelming spark, the conversation was enjoyable and left room for potential future interactions. Overall, it was a good match with no red flags, and I would be interested in seeing Jinhee again to explore our compatibility further.",75,75,70,80,80,85,58,60,60,55,65,70,70,no,"['Polite and respectful interaction', 'Shared interest in family traditions', 'Lack of emotional depth', 'Absence of excitement or chemistry', 'Conversation is too generic']","The conversation between Yuki and Jinhee is polite and pleasant, but lacks depth and emotional connection. Both participants seem to be going through the motions of a typical first date conversation, discussing holiday plans and family traditions. While they share some common interests, such as enjoying family time and traditional meals, the interaction is surface-level and doesn't reveal much about their personalities or deeper values. There is no evident spark or excitement in their dialogue, and they seem more like acquaintances than potential romantic partners. The conversation flows smoothly, but it's more of a courteous exchange rather than a meaningful connection.",You are on your first date at Stanford's Treehouse during the last day of the fall quarter.,1
Yuki,Jinsoo,75,Just right,yes,"The interaction with Jinsoo was pleasant and engaging. We shared some common interests, particularly in family traditions and holiday plans, which made the conversation flow naturally. Jinsoo seemed sincere and intelligent, and the discussion about family traditions was heartwarming. While there wasn't an overwhelming spark, there was enough potential to consider seeing him again. The conversation length felt just right, allowing us to connect without feeling rushed or prolonged. Overall, it was a good match with room for further exploration.",70,70,75,80,65,85,58,60,65,55,70,50,75,no,"['Polite and respectful interaction', 'Shared interest in family traditions', 'Lack of deep emotional connection', 'Conversation remained surface-level', 'No significant shared interests or passions']","The conversation between Yuki and Jinsoo is pleasant but lacks depth and excitement. Both individuals are polite and engage in small talk about family traditions and holiday plans, which is a safe topic for a first date. However, there is no significant emotional connection or shared passion evident in their dialogue. The conversation flows naturally, indicating a level of comfort, but it remains surface-level without diving into more personal or intriguing topics. There are no apparent red flags or concerning behaviors, but also no standout moments that suggest a strong compatibility. Overall, the interaction is cordial but unremarkable.",You are on your first date at Stanford's Treehouse during the last day of the fall quarter.,1
Yuki,Jinwoo,78,Just right,yes,"The interaction with Jinwoo was enjoyable and engaging. We shared several interests, such as exploring new hobbies and appreciating cultural elements, which made the conversation flow naturally. Jinwoo seemed sincere and intelligent, and I appreciated his interest in trying new things, like coffee blends. There was a genuine connection, and I felt comfortable discussing my interests in digital art and tea ceremonies. While there wasn't an overwhelming spark, the potential for a deeper connection is there. Overall, it was a positive experience, and I would be interested in seeing Jinwoo again to explore our shared interests further.",75,75,70,80,80,85,58,65,65,60,75,55,70,no,"['Polite and respectful interaction', 'Shared interest in personal hobbies', 'Lack of deep emotional connection', 'Surface-level engagement', 'Potential for friendship but not romantic chemistry']","Yuki and Jinwoo's conversation was polite and amicable, but it lacked depth and emotional connection. They both discussed their hobbies and interests, showing some common ground in their enjoyment of personal activities like jogging, digital art, and coffee. However, the interaction felt somewhat surface-level, with neither party delving deeply into personal topics or showing significant enthusiasm for the other's interests. While they expressed interest in each other's hobbies, it seemed more like polite conversation rather than genuine intrigue. The conversation flowed naturally without awkward pauses, but it didn't exhibit a strong emotional bond or unique chemistry.",You are on your first date at Stanford's Treehouse during the last day of the fall quarter.,1
Yuki,Julian,78,Just right,yes,"The interaction with Julian was engaging and enjoyable. We shared a lot of common interests, especially in literature, which made the conversation flow naturally. Julian seemed sincere and intelligent, and I appreciated his insights on books and authors. There was a genuine connection, and I felt comfortable discussing various topics. Although there were no major red flags, I would like to explore more about his ambitions and future plans. Overall, it was a positive experience, and I am interested in seeing him again to learn more about him.",70,75,80,90,85,85,65,65,70,60,80,85,75,yes,"['Shared interest in literature and reading', 'Natural conversation flow', 'Lack of deeper emotional topics', 'Surface-level interaction', 'No major red flags']","Yuki and Julian's conversation was pleasant and flowed naturally, indicating a good level of comfort between them. They both share a strong interest in literature, which provided a solid foundation for their interaction. However, while they discussed books and personal plans, there was little exploration of deeper emotional topics or values, which are crucial for a strong connection. The conversation remained on a surface level, focusing primarily on shared interests in reading and holiday plans. This suggests a potential for friendship, but it's unclear if there's a deeper romantic connection. Their discussion lacked any significant red flags, but it also didn't reveal much about their compatibility in terms of life goals or emotional depth.",You are on your first date at Stanford's Treehouse during the last day of the fall quarter.,1
Yuki,Kai,78,Just right,yes,"The interaction with Kai was pleasant and engaging. We shared a mutual interest in travel and culture, particularly with Japan and photography, which provided a solid foundation for our conversation. Kai seemed sincere and intelligent, and the discussion flowed naturally without any awkward pauses. While there wasn't an overwhelming spark, there was definitely potential for a deeper connection. Overall, it was a good match, and I'm interested in seeing where things might go.",75,75,70,80,80,85,58,55,70,60,65,70,75,no,"['Shared interest in travel and photography', 'Polite and respectful interaction', 'Lack of emotional depth', 'Surface-level conversation', 'No clear chemistry or excitement']","Yuki and Kai's interaction is pleasant but lacks depth and emotional connection. They engage in polite conversation, discussing travel plans and shared interests like photography. However, the conversation remains surface-level, with no significant exploration of personal values or deeper topics. While they share some interests, such as travel and photography, there is no indication of a strong emotional bond or chemistry. The conversation flows smoothly, but it feels more like a friendly exchange rather than a romantic connection. Both seem to be polite and respectful, but there's a lack of spontaneity or excitement that would suggest a strong compatibility.",You are on your first date at Stanford's Treehouse during the last day of the fall quarter.,1
Yuki,Kiran,75,Just right,yes,"The interaction with Kiran was pleasant and engaging. There was a genuine connection, especially when discussing travel and music interests. Kiran seemed sincere and intelligent, and the conversation flowed naturally without feeling forced. While there weren't many shared interests, the potential for exploring new activities like rock climbing was appealing. Overall, it was a good match with room for further exploration.",65,70,70,75,60,80,56,60,60,55,70,50,65,no,"['Superficial conversation lacking depth', ""Potential red flag with mention of 'Jenny'"", 'Common interest in music but not strongly shared', 'Polite interaction but lacking emotional connection', 'Different plans and priorities for the break']","Yuki and Kiran's interaction was polite but lacked depth and emotional connection. They discussed their plans and interests superficially, without delving into more personal or meaningful topics. While they shared some common interests like music, the conversation did not reveal a strong mutual enthusiasm or curiosity about each other's lives. Kiran's mention of spending time with 'Jenny' could be a red flag, as it was not clarified who Jenny is, potentially indicating a lack of focus on Yuki. Overall, the conversation was cordial but did not demonstrate a strong foundation for a deeper relationship.",You are on your first date at Stanford's Treehouse during the last day of the fall quarter.,1
Yuki,Leila,78,Just right,yes,"The interaction with Leila was pleasant and engaging. We shared a mutual appreciation for art and peaceful spots on campus, which indicates a good level of shared interests. Leila seemed sincere and intelligent, and the conversation flowed naturally without any awkward pauses. While there wasn't an overwhelming spark, the connection felt genuine and comfortable. There were no red flags, and I appreciated her thoughtful responses. Overall, I see potential for further interactions, and I would be interested in getting to know her better.",75,75,70,80,80,85,58,60,70,55,75,70,65,no,"['Shared appreciation for art and campus spots', 'Lack of emotional depth in conversation', 'Polite but somewhat superficial interaction', 'No evident red flags but also no strong connection', 'Potential for friendship rather than romance']","Yuki and Leila's conversation was polite and pleasant, but lacked depth and emotional connection. While they shared some interests, such as art and favorite campus spots, their interaction was more about exchanging pleasantries than forming a meaningful bond. Both seemed to enjoy the setting and shared a similar appreciation for art, which is a positive sign. However, the conversation did not reveal much about their personalities, values, or deeper interests. The dialogue felt somewhat superficial, with neither party showing strong enthusiasm or curiosity about the other. This could suggest a lack of chemistry or a cautious approach to the first meeting.",You are on your first date at Stanford's Treehouse during the last day of the fall quarter.,1
Yuki,Leyla,78,Just right,yes,"The interaction with Leyla was engaging and intellectually stimulating. We shared common interests in technology and cultural exploration, which provided a strong foundation for our conversation. Leyla's sincerity and intelligence were particularly appealing, and her ambitions align well with my own values. While the conversation was enjoyable, it felt more like a polite exchange than a deep connection. However, there is potential for a meaningful relationship, and I would like to explore this further by seeing her again.",80,75,70,90,85,85,58,80,65,50,75,60,70,no,"['Both are ambitious and interested in tech, which is a positive alignment.', 'Lack of emotional depth and connection in the conversation.', 'Different personal passions and future aspirations.', 'Absence of humor or playfulness in the interaction.', 'Conversation is polite but lacks excitement or chemistry.']","Yuki and Leyla's conversation is polite and flows reasonably well, indicating a level of comfort with each other. However, the interaction lacks depth and emotional connection. Both participants discuss their academic and professional interests, which align in the tech field, but fail to delve into more personal or emotionally engaging topics. There is a notable absence of humor or playfulness, making the interaction feel somewhat formal and task-oriented. While they share an interest in technology, their passions diverge significantly, with Yuki interested in storytelling and art, and Leyla focused on wellness and travel. This divergence may pose challenges in forming a deeper bond. Overall, the conversation is pleasant but lacks the spark of a strong connection.",You are on your first date at Stanford's Treehouse during the last day of the fall quarter.,1
Yuki,Lianhua,75,Just right,yes,"The interaction with Lianhua was pleasant and engaging. We shared common interests, such as enjoying similar spots on campus like Coupa Cafe and the Stanford Dish. Lianhua seemed sincere and intelligent, which I appreciated. The conversation flowed naturally, and there were no red flags. While there wasn't an overwhelming spark, there was enough potential to consider seeing Lianhua again. Overall, it was a good match with room for further exploration.",70,70,75,80,80,85,58,55,60,50,65,65,70,no,"['Shared interest in campus locations like Treehouse and Coupa Cafe', 'Polite and respectful interaction', 'Lack of emotional depth or personal connection', 'Conversation remained on surface-level topics', 'No significant red flags but also no standout chemistry']","Yuki and Lianhua's conversation is polite and friendly, but lacks depth and emotional connection. They discuss common interests like favorite spots on campus, which indicates some shared interests. However, the conversation remains surface-level, focusing primarily on casual topics without delving into personal or meaningful subjects. There's a lack of spontaneity or humor, making the interaction feel somewhat mechanical. Both parties seem agreeable and pleasant, but there's no indication of a strong emotional bond or unique chemistry. The conversation flows naturally, but it's more of a polite exchange than a captivating dialogue.",You are on your first date at Stanford's Treehouse during the last day of the fall quarter.,1
Yuki,Lucia,78,Just right,yes,"The interaction with Lucia was engaging and enjoyable. We shared a mutual interest in art and storytelling, which made the conversation flow naturally. Lucia seemed sincere and intelligent, and I appreciated her enthusiasm for exploring new places. There were no red flags, and I felt a genuine connection, especially when discussing potential future art explorations together. Overall, it was a good match with potential for further development.",75,75,70,80,80,85,65,70,70,60,80,85,75,yes,"['Shared interest in art and exploration', 'Smooth conversation flow', 'Lack of deep emotional connection', 'Common academic focus', 'Potential for future shared activities']","Yuki and Lucia's conversation was pleasant and polite, with mutual interest in each other's activities and plans. They both appear to be academically focused, as indicated by their discussions about wrapping up projects and assignments. Their shared interest in art and exploration is a positive aspect, suggesting potential common ground for future interactions. However, the conversation lacked depth in terms of emotional connection and personal sharing. While they discussed interests and plans, there was little exploration of deeper topics or personal values, which could be crucial for a stronger bond. The interaction was smooth, but it felt more like a friendly chat than a romantic connection. Both parties seemed agreeable and eager to find common interests, but the conversation did not reveal much about their individual personalities or emotional compatibility.",You are on your first date at Stanford's Treehouse during the last day of the fall quarter.,1
Yuki,Marcus,78,Just right,yes,"The interaction with Marcus was engaging and enjoyable. We shared a lot of common interests, particularly in technology and international experiences, which made the conversation flow naturally. Marcus seemed sincere and intelligent, and his ambition in the field of AI was impressive. While there wasn't an immediate romantic spark, there was definitely potential for a meaningful connection. The conversation length felt just right, allowing us to cover a lot of ground without feeling rushed. Overall, I would be interested in seeing Marcus again to explore this potential further.",90,75,70,85,80,80,65,75,70,60,85,80,80,yes,"['Shared interest in technology and AI', 'Smooth conversation flow with mutual respect', 'Lack of emotional depth in the interaction', 'Potential for intellectual companionship', 'Cultural experiences as a common ground']","Yuki and Marcus had a polite and engaging conversation, indicative of two individuals with similar intellectual interests. They both share a passion for technology and its applications, which is a strong foundation for compatibility. However, the conversation lacked depth in emotional connection and personal engagement beyond surface-level interests. While they discussed their projects and backgrounds, there was little exploration of personal values or deeper emotional insights. The interaction was smooth but somewhat formal, suggesting a potential for friendship more than a romantic connection. Both seemed genuinely interested in each other's work, but the conversation didn't reveal much about their personalities or emotional compatibility.",You are on your first date at Stanford's Treehouse during the last day of the fall quarter.,1
Yuki,Marek,78,Just right,yes,"The interaction with Marek was pleasant and engaging. We shared a mutual interest in running, which provided a strong basis for our conversation. Marek seemed sincere and intelligent, and there was a genuine connection over shared experiences and perspectives. While the conversation was not overly exciting, it was comfortable and enjoyable. There were no red flags, and I felt a good level of attraction and compatibility. Overall, I would be interested in seeing Marek again to explore our connection further.",75,75,70,80,90,85,68,60,70,65,70,85,75,yes,"['Shared interest in running and outdoor activities', 'Natural conversation flow with mutual engagement', 'Lack of deeper emotional or intellectual connection', 'Limited exploration of personal values or future goals', 'Potential for further connection with more diverse topics']","Yuki and Marek's conversation revolves heavily around their shared interest in running, which provides a solid foundation for their interaction. The conversation flows naturally, with both parties actively engaging and showing genuine interest in each other's experiences and perspectives. However, the discussion remains fairly surface-level, focusing primarily on a single shared hobby without delving into deeper topics that could reveal more about their personalities, values, or long-term compatibility. While this is typical for a first date, it limits the depth of emotional connection formed. Both seem polite and considerate, but there is little indication of strong emotional chemistry or unique personal connection beyond their mutual appreciation for running.",You are on your first date at Stanford's Treehouse during the last day of the fall quarter.,1
Yuki,Mei Ling,78,Just right,yes,"The interaction with Mei Ling was quite enjoyable and engaging. We shared a lot of common interests, particularly in creative projects and storytelling, which made the conversation flow naturally. Mei Ling seemed sincere and intelligent, and I appreciated her interest in my creative endeavors. While there wasn't an overwhelming spark, there was definitely a connection worth exploring further. The conversation length felt just right, allowing us to cover various topics without feeling rushed or prolonged. Overall, I see potential for future interactions and would like to see her again.",65,75,70,80,90,85,58,60,65,55,75,65,70,no,"['Polite and respectful interaction', 'Shared interest in creative projects and literature', 'Lack of emotional depth and spontaneity', 'No significant red flags', 'Limited discussion on personal values or life goals']","Yuki and Mei Ling's conversation was polite and cordial, but lacked depth and spontaneity. While they shared some interests in creative projects and literature, the interaction felt more like an exchange of pleasantries rather than a genuine connection. Both seemed to be on their best behavior, avoiding any controversial or deeply personal topics, which is typical for a first date but also limits the potential for a deeper bond. The conversation flow was smooth, yet it lacked the spark that indicates a strong emotional connection. Their interests align superficially, but there's no indication of a strong shared passion or values that would suggest a lasting compatibility. Overall, the interaction was pleasant but unremarkable, with no significant red flags but also no standout moments of connection.",You are on your first date at Stanford's Treehouse during the last day of the fall quarter.,1
Yuki,Meilin,78,Just right,yes,"The interaction with Meilin was engaging and pleasant. We shared many common interests, especially our love for exploring the Bay Area and appreciating serene places like the Japanese Tea Garden and Half Moon Bay. Meilin seemed sincere and intelligent, and I appreciated her ambition and creativity. The conversation flowed naturally, and I felt a genuine connection. There were no red flags, and I believe there is potential for a deeper connection. Overall, it was a good match, and I would like to see Meilin again to explore our shared interests further.",80,75,70,80,90,85,65,60,70,65,60,80,75,yes,"['Shared interest in exploring scenic locations', 'Natural conversation flow', 'Lack of deeper emotional connection', 'Surface-level interaction', 'Mutual willingness to meet again']","Yuki and Meilin's conversation is pleasant and flows naturally, indicating a good initial rapport. They share interests in exploring the Bay Area and enjoy peaceful, scenic locations, which suggests a common appreciation for nature and tranquility. However, the conversation remains surface-level, focusing mainly on shared interests without delving into deeper topics or personal values. This could indicate a lack of emotional depth or connection at this stage. While they both express interest in meeting again, the interaction lacks any significant emotional or intellectual engagement that would suggest a strong compatibility beyond shared hobbies.",You are on your first date at Stanford's Treehouse during the last day of the fall quarter.,1
Yuki,Mingxia,78,Just right,yes,"The interaction with Mingxia was enjoyable and engaging. We shared many common interests, especially in art and culture, which made the conversation flow naturally. Mingxia seemed sincere and intelligent, and I appreciated her enthusiasm for cooking and exploring new things. There was a genuine connection, and I felt comfortable sharing my creative projects. Overall, it was a positive experience, and I would be interested in seeing her again to explore our shared interests further.",75,75,70,80,90,85,58,55,70,60,65,65,75,no,"['Both are interested in creative projects and cultural exploration.', 'The conversation was polite but lacked depth and emotional engagement.', 'There was no clear indication of strong chemistry or unique connection.', 'Both expressed interest in meeting again, but it felt more out of politeness than genuine enthusiasm.', 'The interaction was pleasant but not memorable or compelling.']","Yuki and Mingxia's conversation was polite and pleasant, but it lacked depth and spontaneity. They exchanged information about their interests and plans, which is typical for a first meeting, but there was little indication of a deeper emotional connection. Both seemed to have compatible interests in creativity and exploration, yet the conversation felt somewhat rehearsed and lacked genuine curiosity or excitement. They were courteous and expressed interest in each other's activities, but there was no strong indication of chemistry or a compelling reason for a second meeting.",You are on your first date at Stanford's Treehouse during the last day of the fall quarter.,1
Yuki,Minji,75,Just right,yes,"The interaction with Minji was enjoyable and engaging. We shared a mutual interest in trying new foods and cooking, which was a great conversation starter. Minji seemed sincere and intelligent, and I appreciated her enthusiasm for spicy food and Korean dishes. There was a good balance of fun and meaningful conversation, and I felt a genuine connection. While there were no major red flags, the conversation was more polite than deeply personal, but I see potential for a deeper connection. Overall, I would be interested in seeing Minji again to explore our compatibility further.",70,80,72,78,75,85,65,55,70,60,65,70,75,yes,"['Shared interest in cooking and trying new foods', 'Natural conversation flow', 'Lack of deep emotional connection', 'Surface-level interaction', 'Potential for growth with more personal topics']","Yuki and Minji's conversation was pleasant but lacked depth and excitement. They seemed to have a natural flow in their discussion, with shared interests in food and cooking. However, the interaction was quite generic, with no significant emotional connection or unique shared values emerging. While they both enjoy cooking and spicy food, these are rather common interests and don't necessarily indicate a strong bond. The conversation felt safe and surface-level, with neither party delving into more personal or meaningful topics. This could suggest a lack of deeper compatibility or a reluctance to open up on a first date. Overall, it was an average first meeting with potential but no standout moments.",You are on your first date at Stanford's Treehouse during the last day of the fall quarter.,1
Yuki,Niran,78,Just right,yes,"The interaction with Niran was engaging and enjoyable. We shared a lot of common interests, especially in literature and immersive experiences, which made the conversation flow naturally. Niran seemed sincere and intelligent, and I appreciated his interest in strategy games and tech, which aligns with my own interests in technology and design. While there wasn't an overwhelming spark, there was definitely potential for a deeper connection. The conversation length was just right, allowing us to explore various topics without feeling rushed. Overall, I would be interested in seeing Niran again to explore our shared interests further.",65,75,70,85,90,80,55,55,60,50,65,60,70,no,"['Shared interest in immersive experiences like gaming and literature', 'Polite and respectful interaction', 'Lack of emotional depth and chemistry', 'Conversation remained surface-level', 'No significant red flags but also no strong connection']","Yuki and Niran's conversation is polite and pleasant, but lacks depth and emotional connection. They discuss their interests, such as gaming and literature, but the interaction remains surface-level without exploring deeper topics or personal insights. While they share some common interests, like the immersive nature of storytelling in books and games, their conversation does not reveal strong emotional chemistry or a significant bond. Both participants are courteous and express interest in each other's hobbies, but the dialogue feels more like an exchange of information rather than a meaningful connection. There are no apparent red flags, but the conversation is somewhat generic and lacks the spark that might indicate a strong romantic compatibility.",You are on your first date at Stanford's Treehouse during the last day of the fall quarter.,1
Yuki,Rafael,78,Just right,yes,"The interaction with Rafael was engaging and pleasant. We shared a mutual interest in creative projects and storytelling, which made the conversation flow naturally. Rafael's sincerity and intelligence were evident, and I appreciated his ambition in combining psychology with storytelling. While there wasn't an overwhelming spark, there was definitely potential for a meaningful connection. The conversation length felt just right, allowing us to explore our interests without feeling rushed or prolonged. Overall, it was a good match, and I would be interested in seeing Rafael again to further explore our shared interests.",78,75,70,80,82,85,68,70,70,65,80,85,75,yes,"['Shared interest in creative projects and storytelling', 'Natural conversation flow without awkward pauses', 'Lack of deep emotional connection or exploration of personal values', 'Both individuals are in similar life stages (students at Stanford)', 'Potential for mutual inspiration in creative endeavors']","Yuki and Rafael's conversation was pleasant and flowed naturally, indicating a good initial rapport. Both individuals shared their interests and creative pursuits, which suggests a mutual appreciation for art and storytelling. However, the interaction lacked depth in emotional connection, as it remained largely surface-level and focused on hobbies rather than personal values or deeper topics. While they expressed interest in each other's projects, there was no significant exploration of compatibility beyond shared interests. The conversation was polite and engaging, but it did not reveal much about their potential for a long-term connection.",You are on your first date at Stanford's Treehouse during the last day of the fall quarter.,1
Yuki,Riya,75,Just right,yes,"The interaction with Riya was pleasant and engaging. We shared a lot of common interests, especially in exploring the Bay Area and our appreciation for art and nature. Riya seemed sincere and intelligent, and the conversation flowed naturally without any awkward moments. There was a genuine connection, and I felt comfortable throughout the date. While there weren't any strong sparks, the potential for a meaningful friendship or more is definitely there. I would be interested in seeing Riya again to explore this further.",70,70,75,80,80,85,58,50,70,55,60,65,65,no,"['Shared interest in exploring local attractions and hiking.', 'Lack of emotional depth in the conversation.', 'Polite and friendly interaction but lacking excitement.', 'No significant red flags but also no strong connection.', 'Conversation remains at a surface level without exploring deeper topics.']","Yuki and Riya's conversation demonstrates a polite and friendly interaction typical of a first date. They share some common interests, particularly in exploring local attractions and enjoying outdoor activities. However, the conversation lacks depth and emotional connection, focusing mainly on surface-level topics such as holiday plans and favorite places. While they both express interest in exploring new areas, there's no strong indication of a deeper connection or shared values. The conversation flows naturally without any awkward pauses, but it remains quite generic. There are no apparent red flags, but also no standout moments that suggest a strong compatibility.",You are on your first date at Stanford's Treehouse during the last day of the fall quarter.,1
Yuki,Sakura,78,Just right,yes,"The interaction with Sakura was engaging and enjoyable. We shared a lot of common interests, especially in art and gaming, which made the conversation flow naturally. Sakura seemed sincere and intelligent, and I appreciated her enthusiasm for RPGs and cooking. There were no major red flags, and I felt a genuine connection. While there wasn't an overwhelming spark, the potential for a meaningful friendship or more is definitely there. Overall, it was a good match, and I would like to see her again to explore our shared interests further.",70,75,78,80,82,85,45,55,50,65,70,75,60,no,"[""Sakura's mention of a boyfriend"", 'Shared interest in art and gaming', 'Natural conversation flow', 'Lack of emotional depth', 'Potential for friendship rather than romance']","Yuki and Sakura's conversation was polite and friendly, with a natural flow and mutual interest in each other's hobbies. However, there are notable concerns regarding compatibility. Sakura mentioned having a boyfriend, which indicates a potential lack of romantic availability or interest in Yuki. Despite this, they share common interests in art and gaming, which facilitated engaging dialogue. The conversation lacked depth in emotional connection, focusing more on surface-level topics. While they both expressed enjoyment, the presence of a boyfriend is a significant red flag in terms of pursuing a deeper relationship.",You are on your first date at Stanford's Treehouse during the last day of the fall quarter.,1
Yuki,Sofia,78,Just right,yes,"The interaction with Sofia was engaging and intellectually stimulating. We shared a lot of common interests, especially in creative projects and technology, which made the conversation flow naturally. Sofia's sincerity and intelligence were particularly impressive, and her passion for AI and deep learning aligns well with my interests in technology and storytelling. While there wasn't an overwhelming romantic spark, the potential for a meaningful connection is strong. Overall, it was a positive experience, and I would like to explore this connection further.",80,75,70,90,85,85,68,70,70,65,80,85,75,yes,"['Shared interest in creative and intellectual pursuits', 'Natural conversation flow', 'Lack of deep emotional connection', 'Surface-level interaction', 'Potential for future meetings to explore deeper compatibility']","Yuki and Sofia's conversation was pleasant and flowed naturally, indicating a good initial connection. Both participants showed genuine interest in each other's lives and passions, which is a positive sign. However, the conversation remained largely surface-level, focusing on hobbies and interests without delving into deeper topics that might reveal more about their core values or compatibility in a long-term context. While they share interests in creative and intellectual pursuits, there was no discussion about potential differences in lifestyle, goals, or values, which are crucial for a deeper compatibility assessment. Additionally, the conversation lacked any significant emotional depth or vulnerability, which could be a concern for building a strong emotional connection.",You are on your first date at Stanford's Treehouse during the last day of the fall quarter.,1
Yuki,Soojin,75,Just right,yes,"The interaction with Soojin was pleasant and engaging. We both shared our plans for the holidays and discussed our favorite places, which made the conversation flow naturally. Soojin seemed sincere and intelligent, and I appreciated the relaxed vibe of the conversation. While there weren't any major shared interests, there was a genuine connection, and I enjoyed learning about Soojin's favorite beach spots. Overall, it was a good match, and I would be interested in seeing Soojin again to explore more common ground.",65,70,70,75,60,80,55,55,60,60,65,65,70,no,"['Polite and friendly interaction', 'Lack of emotional depth', 'Shared interest in travel and relaxation', 'Surface-level conversation', 'No red flags but also no strong connection']","The conversation between Yuki and Soojin was polite and friendly, but lacked depth and emotional connection. They discussed their holiday plans and favorite places, which showed some shared interests but didn't delve into deeper topics or personal values. The interaction was smooth, indicating a decent conversational flow, but it was mostly surface-level and didn't reveal much about their personalities or compatibility on a deeper level. There were no apparent red flags, but also no strong indications of a significant emotional connection or shared values that would suggest a highly compatible match.",You are on your first date at Stanford's Treehouse during the last day of the fall quarter.,1
Yuki,Thao,78,Just right,yes,"The interaction with Thao was engaging and pleasant. We shared a lot of common interests, particularly in creative projects and cultural exploration, which made the conversation flow naturally. Thao seemed sincere and intelligent, and I appreciated their enthusiasm for games and storytelling. While there wasn't an overwhelming spark, there was definitely potential for a deeper connection. The conversation length was just right, allowing us to cover a variety of topics without feeling rushed. Overall, I would be interested in seeing Thao again to explore our shared interests further.",65,75,70,80,90,85,65,60,70,65,80,70,75,yes,"['Shared interest in gaming and creative projects', 'Polite and respectful interaction', 'Lack of deep emotional connection', 'Surface-level conversation', 'Potential for future collaboration']","Yuki and Thao's conversation was pleasant but lacked depth and emotional connection. While they share some interests, such as gaming and creative projects, the interaction remained surface-level without delving into more personal or meaningful topics. Both participants were polite and engaged, but there was no indication of a strong emotional bond or unique chemistry. The conversation flowed naturally, but it was more of an exchange of interests rather than a deep connection. Overall, their interaction was friendly but unremarkable, with no significant red flags or standout moments.",You are on your first date at Stanford's Treehouse during the last day of the fall quarter.,1