MainAgent,TargetAgent,Self Reflection Satisfaction Score,Self Reflection Length Feedback,Self Reflection Decision,Self Reflection Analysis,Self Reflection Ambition,Self Reflection Attractiveness,Self Reflection Fun,Self Reflection Intelligence,Self Reflection Shared Interests,Self Reflection Sincerity,Transcript Compatibility Score,Transcript Ambition,Transcript Attractiveness,Transcript Fun,Transcript Intelligence,Transcript Shared Interests,Transcript Sincerity,Transcript Decision,Transcript Key Factors,Transcript Analysis,DateContext,RunNumber
Diego,Anaya,85,Just right,yes,"The interaction with Anaya was engaging and enjoyable. We shared a lot of common interests, especially in art and music, which made the conversation flow naturally. Anaya seemed sincere and intelligent, and the discussion about different art styles was both fun and insightful. There were no red flags, and the overall experience was positive, indicating a potential for further connection.",75,80,88,85,92,90,73,70,70,65,80,85,75,yes,"['Shared interest in art and creativity', 'Natural conversation flow', 'Lack of deep emotional connection', 'Focus on art limits exploration of other interests', 'Potential for creative collaboration']","Diego and Anaya's interaction at the art exhibition reveals a shared interest in art, particularly in how it intersects with technology and storytelling. Their conversation flows naturally, indicating a comfort level with each other. Both express enthusiasm for the art they discuss, and there is a mutual appreciation for creativity and exploration. However, the conversation remains largely focused on art, without delving deeply into personal topics or emotional connections. While they share interests, there is a lack of exploration into other aspects of their personalities or lives, which could be crucial for a deeper connection.",You are attending an art exhibition together on a Saturday evening.,2
Diego,Anika,85,Just right,yes,"The interaction with Anika was engaging and enjoyable. We shared a lot of common interests, particularly in art and technology, which made the conversation flow naturally. Anika seemed sincere and intelligent, and I appreciated her perspective on art and AI. There was a genuine connection, and I felt that we both enjoyed the evening. The conversation length was perfect, allowing us to explore various topics without feeling rushed. Overall, it was a positive experience, and I would be interested in seeing Anika again to explore more shared interests.",75,80,80,85,90,90,68,70,70,65,80,85,75,yes,"['Shared interest in art and technology', 'Similar professional backgrounds', 'Lack of deep emotional connection', 'Pleasant but surface-level conversation', 'Potential for future interactions']","Diego and Anika's conversation at the art exhibition reveals a moderately positive interaction with shared interests in art and technology. Both participants express enthusiasm for the event and engage in a meaningful exchange about their personal connections to art. However, the conversation lacks depth in emotional connection and remains largely focused on surface-level interests. While they share a common appreciation for abstract and digital art, their dialogue does not explore personal values or deeper emotional topics. The interaction is pleasant but does not demonstrate a strong, unique bond.",You are attending an art exhibition together on a Saturday evening.,2
Diego,Anjali,78,Just right,yes,"The interaction with Anjali was engaging and enjoyable. We shared a mutual interest in art, particularly in how it can blend different styles and mediums. Anjali seemed sincere and intelligent, and the conversation flowed naturally without any awkward moments. Her interest in abstract art and painting aligns well with my passion for digital and interactive art, suggesting a good level of shared interests. There were no red flags, and I felt a genuine connection, making me interested in seeing her again.",70,75,78,80,82,85,58,60,65,50,75,55,70,no,"['Shared interest in art, but different preferences', 'Polite and respectful interaction', 'Lack of emotional depth or connection', 'Conversation is pleasant but lacks spontaneity', 'Potential for compatibility if deeper connection is developed']","Diego and Anjali's conversation at the art exhibition shows a polite and pleasant interaction, but lacks depth and emotional connection. They both express interest in art, albeit different styles, which provides a common ground. However, their conversation remains surface-level, focusing on shared interests rather than personal insights or deeper emotional exchanges. There is a lack of spontaneity or humor, making the interaction feel somewhat formal and rehearsed. While they share an interest in art, their preferences differ, which could lead to compatibility issues if not addressed. Overall, the interaction is cordial but lacks the spark or depth that would indicate a strong romantic connection.",You are attending an art exhibition together on a Saturday evening.,2
Diego,Anwen,85,Just right,yes,"The interaction with Anwen was engaging and enjoyable. We shared a deep appreciation for art, which provided a strong foundation for our conversation. Anwen's sincerity and intelligence were evident, and I felt a genuine connection through our shared interests in art and technology. The conversation flowed naturally, and there were no red flags or deal-breakers. Overall, it was a positive experience, and I would be interested in seeing Anwen again to explore more shared interests.",75,80,80,85,90,90,72,70,70,65,80,85,75,yes,"['Strong shared interest in art and technology', 'Good conversational flow and mutual respect', 'Lack of deeper emotional connection', 'Similar intellectual curiosity', 'Potential for friendship more than romance']","Diego and Anwen's interaction at the art exhibition was pleasant and showed a mutual appreciation for art and creativity. They both engaged in a thoughtful conversation about their favorite pieces and artists, indicating shared interests in art and technology. However, the conversation lacked depth in terms of personal connection beyond their shared interests. While they both expressed enthusiasm and enjoyment, there was little indication of emotional vulnerability or deeper personal topics. The dialogue flowed well, but it felt more like a friendly exchange rather than a romantic or deeply personal one. Both seemed to enjoy the experience, but it's unclear if there is potential for a stronger connection beyond shared interests.",You are attending an art exhibition together on a Saturday evening.,2
Diego,Arjun,78,Just right,yes,"The interaction with Arjun was engaging and enjoyable. We shared a lot of common interests, particularly in art and coding, which made the conversation flow naturally. Arjun seemed sincere and intelligent, and there was a genuine connection over our shared passions. While there weren't any major red flags, the conversation was more polite than deeply personal, which leaves room for further exploration. Overall, it was a positive experience, and I would be interested in seeing Arjun again to explore our compatibility further.",65,75,70,85,90,80,72,70,70,65,80,85,75,yes,"['Shared interest in art and coding', 'Natural conversation flow', 'Lack of emotional depth', 'Different art preferences', 'Intellectual connection']","Diego and Arjun's conversation at the art exhibition reveals a decent level of compatibility, primarily driven by their shared interest in art and coding. Both individuals express enthusiasm for art, particularly abstract and street art, and find parallels between art and coding. The conversation flows naturally without any noticeable awkwardness, suggesting a comfortable rapport. However, the interaction lacks depth in emotional connection, as the discussion remains largely intellectual and focused on shared interests rather than personal experiences or feelings. Additionally, while they both enjoy art and coding, their preferences within these fields differ slightly, which could lead to divergent interests over time. Overall, the conversation is pleasant but lacks the spark of a truly exceptional match.",You are attending an art exhibition together on a Saturday evening.,2
Diego,Camila,85,Just right,yes,"The interaction with Camila was engaging and enjoyable. We shared a strong interest in art, which made the conversation flow naturally. Camila seemed sincere and intelligent, and I appreciated her insights on art. There was a genuine connection, and I felt comfortable throughout the evening. Her appreciation for impressionism and artists like Frida Kahlo resonated with my own interests in art. Overall, it was a positive experience, and I would be interested in seeing her again to explore more shared interests.",75,80,80,85,90,90,68,60,70,65,80,85,75,yes,"['Shared interest in art and creativity', 'Smooth conversation flow', 'Lack of deep emotional connection', 'Limited exploration of personal values', 'Common appreciation for cultural experiences']","Diego and Camila's interaction was polite and centered around their shared interest in art. They both expressed enthusiasm for the exhibition and shared personal insights into how art influences their lives. However, the conversation lacked depth in emotional connection and personal topics beyond art. While they both seem to appreciate creativity, there is no indication of a strong personal bond or chemistry. The dialogue was smooth but somewhat surface-level, focusing mainly on the exhibition rather than exploring each other's personalities or deeper values.",You are attending an art exhibition together on a Saturday evening.,2
Diego,Elena,78,Just right,yes,"The interaction with Elena was engaging and enjoyable. We shared a mutual appreciation for art, and the conversation flowed naturally. Her sincerity and intelligence stood out, and we seemed to have a good level of shared interests, particularly in art and music. There were no major red flags, and I felt a genuine connection. Overall, it was a positive experience, and I would be interested in seeing her again to explore this potential further.",75,75,70,85,80,80,72,75,70,65,85,70,80,yes,"['Shared interest in art and creativity', 'Natural and engaging conversation flow', 'Divergent art preferences', 'Lack of deep emotional topics', 'Potential for intellectual enrichment']","Diego and Elena's conversation at the art exhibition reflects a mutual appreciation for art and creativity, suggesting a shared interest that forms a solid base for their interaction. Both participants engage in the conversation with enthusiasm and curiosity, which indicates a natural flow and genuine interest in each other's perspectives. However, while there is a good exchange of ideas, the conversation lacks depth in emotional connection, focusing more on intellectual and artistic interests rather than personal or emotional topics. This could suggest a limitation in their compatibility if deeper emotional bonds are not formed over time. Additionally, while they share interests in art, their specific preferences differ, with Diego leaning towards digital and interactive art and Elena towards impressionism and environmental themes. This divergence could either enrich their dynamic by providing diverse perspectives or lead to potential disconnects if not navigated thoughtfully.",You are attending an art exhibition together on a Saturday evening.,2
Diego,Eleni,85,Just right,yes,"The interaction with Eleni was engaging and enjoyable. We shared a strong interest in art, particularly digital and interactive art, which made the conversation flow naturally. Eleni seemed sincere and intelligent, and I appreciated her openness to discussing how art and technology can evolve together. There were no red flags, and I felt a genuine connection. Overall, it was a positive experience, and I would be interested in seeing her again to explore more shared interests.",75,80,80,85,90,90,75,70,70,65,85,90,80,yes,"['Strong shared interest in art and technology', 'Natural and engaging conversation flow', 'Limited exploration of personal topics', 'Potential for deeper emotional connection', 'Mutual enthusiasm for future interactions']","Diego and Eleni's conversation at the art exhibition reveals a strong mutual interest in art, particularly in contemporary and digital forms. Their dialogue flows naturally, with both participants actively engaging and building on each other's thoughts. They share a genuine enthusiasm for interactive art and technology, which serves as a solid foundation for their interaction. However, the conversation remains largely focused on art, with little exploration of other personal topics or deeper emotional connections. While their shared interest in art is a positive aspect, the lack of diversity in conversation topics could indicate a limited scope of compatibility. Additionally, both seem to avoid discussing more personal or challenging topics, which might suggest a hesitance to delve deeper into each other's personalities or values.",You are attending an art exhibition together on a Saturday evening.,2
Diego,Ethan,85,Just right,yes,"The interaction with Ethan was engaging and enjoyable. We shared a strong interest in digital and interactive art, which made the conversation flow naturally. Ethan seemed sincere and intelligent, and I appreciated his openness about his experiences with digital art. There were no red flags, and the conversation length felt just right. Overall, it was a promising interaction with potential for future outings.",70,75,80,85,95,90,78,80,70,75,90,95,85,yes,"['Strong shared interest in digital and interactive art', 'Natural and engaging conversation flow', 'High level of sincerity and openness', 'Limited exploration of emotional depth', 'Potential gap in broader life goals and values']","Diego and Ethan's interaction at the art exhibition was notably positive, with a strong emphasis on shared interests in digital and interactive art. Their conversation flowed naturally, with both parties actively engaging and showing genuine interest in each other's perspectives. They both appreciate the intersection of technology and creativity, which forms a solid foundation for their connection. However, the conversation remained largely focused on their mutual interests, leaving little room for exploring deeper emotional connections or personal backgrounds. While they share a passion for art and technology, it's unclear if their compatibility extends beyond these topics. The lack of discussion on broader life goals or values could be a potential gap in their compatibility.",You are attending an art exhibition together on a Saturday evening.,2
Diego,Jinara,78,Just right,yes,"The interaction with Jinara was engaging and enjoyable. We shared a strong interest in the intersection of art and technology, which made the conversation flow naturally. Jinara seemed sincere and intelligent, and I appreciated her openness to exploring creative projects. There were no red flags, and I felt a genuine connection, especially when discussing potential collaborations. Overall, it was a positive experience, and I would be interested in seeing her again to explore our shared interests further.",78,75,70,85,90,80,65,85,70,60,80,90,75,yes,"['Shared interest in art and technology', 'Smooth conversation flow', 'Lack of emotional depth', 'Potential for creative collaboration', 'Common ambition in exploring new ideas']","Diego and Jinara's conversation at the art exhibition reveals a moderate level of compatibility. They both share an interest in art and technology, which provides a solid foundation for their interaction. However, the conversation lacks depth in emotional connection and is primarily focused on intellectual topics. While they discuss shared interests such as digital art and the intersection of art and technology, there is little indication of personal or emotional engagement. The flow of conversation is smooth, but it remains largely on the surface without delving into personal experiences or feelings. Both seem polite and interested, but the interaction feels more like a friendly exchange rather than a budding romantic connection.",You are attending an art exhibition together on a Saturday evening.,2
Diego,Jinaya,78,Just right,yes,"The interaction with Jinaya was engaging and enjoyable. We shared a strong interest in art, particularly in how it intersects with technology and storytelling, which made the conversation flow naturally. Jinaya seemed sincere and intelligent, and I appreciated her openness about her creative pursuits. While there wasn't an overwhelming spark, there was enough compatibility and shared interests to warrant seeing her again. The conversation length felt just right, allowing us to explore our interests without feeling rushed or dragging on.",65,75,70,80,90,85,65,60,70,65,80,70,75,yes,"['Shared interest in art', 'Good conversation flow', 'Lack of deep emotional connection', 'Different specific art interests', 'No discussion of future goals']","Diego and Jinaya's interaction at the art exhibition was pleasant but somewhat superficial. They both expressed enthusiasm for the event and shared some common interests in art, with Diego focusing on digital and interactive art while Jinaya leaned towards contemporary and abstract art. Their conversation flowed well without any awkward pauses, and they both seemed genuinely interested in each other's perspectives. However, the interaction lacked depth in emotional connection and personal topics, which are crucial for building a strong compatibility foundation. While they both enjoy art, their specific interests differ, which might limit deeper shared experiences. Additionally, there was no discussion of future goals or values, which are important for assessing long-term compatibility.",You are attending an art exhibition together on a Saturday evening.,2
Diego,Jinhee,85,Just right,yes,"The interaction with Jinhee was engaging and enjoyable. We shared a strong mutual interest in art and technology, which made the conversation flow naturally. Jinhee seemed sincere and intelligent, and I appreciated her openness about her own creative pursuits. There were no red flags, and I felt a genuine connection, making me interested in seeing her again. The conversation length was perfect, allowing us to explore our shared interests without feeling rushed.",75,80,80,85,95,90,72,70,70,65,80,85,75,yes,"['Strong shared interest in art and technology', 'Good conversational flow with mutual respect', 'Lack of deeper emotional connection', 'Polite but somewhat superficial interaction', 'Potential for growth in shared creative projects']","Diego and Jinhee's conversation reveals a strong mutual interest in art, particularly contemporary and digital art, which forms the backbone of their interaction. They both express enthusiasm for art that incorporates technology, suggesting a shared appreciation for innovative expressions. However, the conversation lacks depth in terms of emotional connection and personal sharing beyond their common interest in art. While they engage well on the topic of the exhibition, there's little exploration of personal values or deeper emotional exchanges. The interaction is polite and friendly but doesn't show significant signs of a deeper connection or chemistry.",You are attending an art exhibition together on a Saturday evening.,2
Diego,Jinsoo,85,Just right,yes,"The interaction with Jinsoo was engaging and enjoyable. We shared a strong connection over our mutual appreciation for abstract art and the overlap between art and music. Jinsoo's sincerity and intelligence were evident, and their interest in AI and literature added depth to our conversation. The shared interests in creative fields and the potential for meaningful discussions make me interested in seeing Jinsoo again. There were no red flags, and the conversation flowed naturally, making it a pleasant and promising interaction.",70,75,80,85,95,90,72,70,70,65,80,85,75,yes,"['Shared interest in abstract art and creative pursuits', 'Natural and engaging conversation flow', 'Intellectual curiosity and appreciation for creativity', 'Lack of exploration into deeper personal values', 'Potential for further connection through shared activities']","Diego and Jinsoo's interaction at the art exhibition demonstrates a solid connection based on shared interests and a natural conversation flow. Both participants express enthusiasm for abstract art and draw parallels between their creative pursuits, such as music, coding, AI, and literature. This indicates a mutual appreciation for creativity and intellectual curiosity. However, the conversation lacks depth in exploring personal values or future aspirations beyond their hobbies. While they seem to enjoy each other's company, the dialogue remains surface-level, focusing primarily on shared interests without delving into more personal or emotional topics.",You are attending an art exhibition together on a Saturday evening.,2
Diego,Jinwoo,85,Just right,yes,"The interaction with Jinwoo was engaging and enjoyable. We shared a strong interest in art, particularly in how technology intersects with artistic expression, which made the conversation flow naturally. Jinwoo's sincerity and intelligence were evident, and there was a genuine connection over shared interests. The discussion about abstract art and interactive installations highlighted a mutual appreciation for creativity and innovation. Overall, it was a positive experience with potential for future interactions.",75,80,80,85,95,90,65,60,70,65,80,85,75,yes,"['Shared interest in art and technology', 'Natural conversation flow', 'Lack of deeper emotional connection', 'Surface-level interaction', 'Potential for future shared activities']","Diego and Jinwoo's interaction at the art exhibition reveals a shared interest in art, particularly abstract and interactive forms. Their conversation flows naturally, with both parties showing genuine curiosity and enthusiasm about each other's preferences. However, the dialogue remains largely surface-level, focusing on mutual interests without delving into deeper personal topics or emotional connections. While their shared interest in art is a strong point, the lack of exploration into other personal values or life goals could indicate a limitation in their compatibility. The conversation is pleasant, but it lacks the depth that might suggest a strong emotional bond.",You are attending an art exhibition together on a Saturday evening.,2
Diego,Julian,85,Just right,yes,"The interaction with Julian was highly satisfying. We shared a strong connection through our mutual appreciation for art, especially in how it intersects with technology and surrealism. Julian seemed very sincere and intelligent, which made the conversation engaging and enjoyable. The shared interests in art and creativity were a major highlight, and there were no red flags or deal-breakers. Overall, it was a pleasant experience, and I would be interested in seeing Julian again to explore more shared interests.",70,75,80,85,95,90,65,70,70,60,80,85,75,yes,"['Shared interest in art and technology', 'Natural conversation flow', 'Lack of emotional depth', 'Polite and respectful interaction', 'Surface-level engagement without personal insights']","Diego and Julian's interaction at the art exhibition was pleasant but lacked depth. Both individuals demonstrated a genuine interest in art, which provided a solid foundation for their conversation. However, the discussion remained largely surface-level, focusing on general topics without delving into personal insights or emotions. While they shared some common interests, such as art and technology, there was little evidence of a strong emotional connection or vulnerability. The conversation flowed naturally, but it was more informative than engaging. Both parties seemed polite and respectful, yet there was no indication of a deeper bond forming. Overall, their interaction was cordial but unremarkable, lacking the intensity or passion that might suggest a strong compatibility.",You are attending an art exhibition together on a Saturday evening.,2
Diego,Kai,78,Just right,yes,"The interaction with Kai was enjoyable and engaging. We shared a lot of common interests, especially in outdoor activities like hiking and photography, which made the conversation flow naturally. Kai seemed sincere and intelligent, and I appreciated their openness and enthusiasm. There were no red flags, and the conversation length felt just right, allowing us to connect without feeling rushed. Overall, it was a good match, and I would be interested in seeing Kai again to explore more shared interests.",70,75,77,80,82,85,65,55,70,60,65,70,75,no,"['Shared interest in outdoor activities like hiking and table tennis', 'Natural conversation flow without awkward pauses', 'Lack of deep emotional connection or chemistry', 'Conversation remained on surface-level topics', 'Both expressed enjoyment but no strong desire to meet again']","Diego and Kai's interaction at the art exhibition was pleasant but lacked depth. They shared a polite and friendly conversation, with both showing interest in each other's hobbies, such as hiking and table tennis. However, the dialogue remained surface-level, focusing on activities rather than delving into personal values or deeper emotional topics. While they both expressed enjoyment of the evening, there was no indication of a strong emotional connection or chemistry. Their conversation flowed naturally, but it was more akin to a friendly chat than a romantic interaction.",You are attending an art exhibition together on a Saturday evening.,2
Diego,Kiran,85,Just right,yes,"The interaction with Kiran was engaging and enjoyable. We shared a strong interest in art and technology, which made the conversation flow naturally. Kiran seemed sincere and intelligent, and I appreciated their enthusiasm for digital art and interactive installations. There were no red flags, and the conversation length felt just right. Overall, it was a positive experience, and I would be interested in seeing Kiran again to explore more shared interests.",75,78,82,88,95,90,72,70,70,65,80,90,75,yes,"['Strong shared interest in art and technology', 'Natural conversation flow with mutual enthusiasm', 'Lack of deeper emotional connection', 'Surface-level interaction without personal depth', 'Potential for future outings based on shared interests']","Diego and Kiran's interaction at the art exhibition reveals a strong shared interest in art and technology, which provides a solid foundation for their conversation. Both participants seem genuinely engaged and enthusiastic about the topics discussed, particularly their mutual appreciation for digital art and immersive installations. However, the conversation remains largely on the surface level, focusing on shared interests rather than delving deeper into personal insights or emotional connections. While they express a desire to meet again, the interaction lacks a significant emotional depth or personal connection, which could be crucial for a more meaningful relationship.",You are attending an art exhibition together on a Saturday evening.,2
Diego,Leila,85,Just right,yes,"The interaction with Leila was engaging and enjoyable. We shared a mutual appreciation for art, which led to a meaningful conversation about creativity and technology. Leila seemed sincere and intelligent, and her interest in impressionism complemented my passion for digital art. The conversation flowed naturally, and there were no red flags or awkward moments. Overall, it felt like a genuine connection with potential for future interactions.",75,80,80,85,90,90,75,60,70,65,75,85,80,yes,"['Strong shared interest in art', 'Natural conversation flow', 'Good emotional connection', 'Limited exploration of personal values', 'Potential for deeper connection with further interaction']","Diego and Leila's conversation at the art exhibition reveals a solid foundation of shared interests, particularly in the realm of art. They both express a genuine enthusiasm for the exhibition and have a mutual appreciation for the emotional impact of art. Diego's interest in digital art and Leila's love for impressionism showcase their diverse tastes, yet they manage to find common ground in their appreciation for creativity. The conversation flows naturally, indicating a comfortable rapport. Both participants engage in thoughtful exchanges, asking questions and sharing personal insights, which suggests a good level of emotional connection. However, while they share an interest in art, the conversation remains largely surface-level, lacking deeper exploration of other personal values or life goals. This could be a potential area for growth if they continue to see each other. Overall, their interaction is positive, but it's important to note that they may need to explore more aspects of their personalities and values to determine long-term compatibility.",You are attending an art exhibition together on a Saturday evening.,2
Diego,Leyla,85,Just right,yes,"The interaction with Leyla was engaging and enjoyable. We shared a strong interest in art, which made the conversation flow naturally. Leyla seemed sincere and intelligent, and I appreciated her openness to exploring new ideas. There were no red flags, and the conversation felt balanced in terms of length and depth. Her interest in potentially collaborating on a project was a positive sign of ambition and shared interests. Overall, I felt a genuine connection and would be interested in seeing her again.",75,80,88,85,92,90,70,75,65,70,80,85,75,yes,"['Shared interest in art and creativity', 'Natural conversation flow', 'Lack of deep emotional connection', 'Mutual curiosity and engagement', 'Potential for collaborative projects']","Diego and Leyla's conversation at the art exhibition reveals a decent level of compatibility, primarily driven by shared interests in art and creativity. Both participants express enthusiasm for art, with Diego's passion for integrating music and visual art aligning well with Leyla's interest in sketching and contemporary art. The conversation flows naturally, with mutual curiosity and engagement. However, the interaction lacks depth in emotional connection, as the discussion remains largely on the surface level of shared interests without delving into personal values or deeper emotional topics. While they seem to enjoy each other's company, there is no significant indication of a strong emotional bond or chemistry. Additionally, the conversation does not reveal any red flags or concerning behavior, which is a positive aspect. Overall, they appear to have a good rapport, but the interaction is more intellectually stimulating than emotionally resonant.",You are attending an art exhibition together on a Saturday evening.,2
Diego,Lianhua,85,Just right,yes,"The interaction with Lianhua was engaging and enjoyable. We shared a strong interest in art, particularly in contemporary and interactive forms, which made the conversation flow naturally. Lianhua seemed sincere and intelligent, and I appreciated her openness to discussing how technology influences art. There was a genuine connection, and I felt that we could explore more shared interests in the future. Overall, it was a positive experience with potential for further interactions.",75,80,80,85,95,90,68,65,65,60,75,80,70,yes,"['Shared interest in art and technology', 'Polite and engaging conversation', 'Lack of emotional depth', 'Limited exploration of personal values', 'Potential for future activities together']","Diego and Lianhua's conversation at the art exhibition reveals a shared interest in art, particularly in contemporary and interactive forms. They both express enthusiasm for the creative and engaging aspects of art, which suggests a good level of intellectual compatibility. However, the conversation remains largely focused on art, with little exploration of personal topics or emotional depth. While they agree on the excitement of technology in art, there is no indication of deeper personal connection or shared life values beyond this context. The interaction is pleasant and polite, but lacks the intensity or vulnerability that might indicate a strong emotional bond.",You are attending an art exhibition together on a Saturday evening.,2
Diego,Lucia,85,Just right,yes,"The interaction with Lucia was engaging and enjoyable. We shared a strong mutual interest in the intersection of art and technology, which made the conversation flow naturally. Lucia seemed sincere and intelligent, and I appreciated her openness about her own experiences with digital art. There were no red flags, and the connection felt genuine. Overall, it was a positive experience, and I would be interested in seeing her again to explore our shared interests further.",75,80,80,85,95,90,65,70,70,65,75,85,60,no,"['Shared interest in art and technology', 'Natural conversation flow', 'Lack of emotional depth', 'Surface-level interaction', 'Absence of personal or future-oriented topics']","Diego and Lucia's interaction at the art exhibition was pleasant but lacked depth and emotional connection. While they share a mutual interest in art and technology, their conversation was largely surface-level, focusing on shared interests rather than exploring personal values or deeper emotional topics. The dialogue flowed well, indicating a natural conversational rhythm, but it did not reveal much about their individual personalities beyond their hobbies. There were no apparent red flags or concerning behaviors, but also no strong indicators of a profound connection. Their discussion remained centered on art and technology, without delving into personal experiences or future aspirations beyond their creative projects. This suggests a compatibility based more on shared interests than on a deeper emotional or intellectual connection.",You are attending an art exhibition together on a Saturday evening.,2
Diego,Marcus,85,Just right,yes,"The interaction with Marcus was very engaging and enjoyable. We shared a lot of common interests, especially in art and technology, which made the conversation flow naturally. Marcus seemed sincere and intelligent, and I appreciated his openness about his own experiences with digital art. There were no red flags, and I felt a genuine connection. The conversation length was perfect, allowing us to explore various topics without feeling rushed. Overall, I would be interested in seeing Marcus again as there seems to be potential for a meaningful connection.",70,75,80,85,95,90,68,70,70,65,80,85,75,yes,"['Strong shared interest in art and creativity', 'Natural conversation flow', 'Lack of deeper emotional connection', 'Similar levels of ambition and curiosity', 'Limited exploration of personal values']","Diego and Marcus share a mutual interest in art, which is a positive foundation for their interaction. Their conversation flows naturally, with both showing genuine curiosity about each other's interests and experiences. However, the interaction lacks depth in emotional connection, as it remains largely focused on shared interests without delving into more personal topics. While they both express enthusiasm for art and creativity, there's little exploration of personal values or deeper compatibility factors. The conversation is pleasant but doesn't reveal significant emotional or intellectual bonding.",You are attending an art exhibition together on a Saturday evening.,2
Diego,Marek,85,Just right,yes,"The interaction with Marek was genuinely enjoyable and intellectually stimulating. We shared a strong connection over our mutual interests in art, technology, and creative processes. Marek's sincerity and intelligence were particularly impressive, and the conversation flowed naturally without any awkward pauses. The shared interests in digital art and coding suggest a strong potential for future interactions. Overall, it was an excellent match with no red flags, and I would be interested in seeing Marek again.",85,78,80,92,95,90,72,80,70,65,90,85,75,yes,"['Strong shared interest in art and technology', 'Intellectual compatibility and mutual respect', 'Lack of emotional depth in conversation', 'Potential for creative collaboration', 'Absence of personal or emotional sharing']","Diego and Marek's conversation at the art exhibition reveals a strong intellectual and creative connection. Both share a deep appreciation for the intersection of art and technology, which is evident in their discussion about digital art and creative coding. They both admire similar artists and express enthusiasm for their respective creative processes. However, the conversation lacks emotional depth and personal sharing beyond their mutual interests. While they seem to enjoy each other's company, the interaction is heavily focused on intellectual topics without exploring personal or emotional dimensions, which could be crucial for a deeper relationship.",You are attending an art exhibition together on a Saturday evening.,2
Diego,Mei Ling,85,Just right,yes,"The interaction with Mei Ling was engaging and enjoyable. We shared a strong interest in art, especially in how technology intersects with it, which made the conversation flow naturally. Mei Ling appeared sincere and intelligent, and her enthusiasm for exploring new ideas was infectious. There were no red flags, and the conversation felt balanced and stimulating. Overall, it was a positive experience with potential for future interactions.",85,78,82,88,92,90,78,80,70,75,90,95,85,yes,"['Strong shared interest in contemporary and digital art', 'Natural and engaging conversation flow', 'Mutual inspiration from art to pursue creative endeavors', 'Lack of deeper emotional connection in this interaction', 'Potential for further exploration of personal values and backgrounds']","Diego and Mei Ling's interaction at the art exhibition demonstrates a strong compatibility based on shared interests and a natural flow of conversation. Both express enthusiasm for contemporary and digital art, highlighting a mutual appreciation for the intersection of technology and creativity. Their dialogue is engaging and fluid, indicating a genuine interest in each other's perspectives. However, the conversation remains largely focused on the exhibition, with little exploration of personal backgrounds or deeper emotional connections. While this setting provides a solid foundation for compatibility in shared interests, it lacks depth in exploring other aspects of their personalities or values. The interaction is positive but somewhat superficial, leaving room for further development if they choose to meet again.",You are attending an art exhibition together on a Saturday evening.,2
Diego,Meilin,85,Just right,yes,"The interaction with Meilin was engaging and enjoyable. We shared a strong interest in digital art and technology, which made the conversation flow naturally. Meilin seemed sincere and intelligent, and I appreciated her openness about her creative pursuits. The conversation felt balanced and genuine, with no red flags or awkward moments. Overall, it was a positive experience, and I would be interested in seeing Meilin again to explore more shared interests.",75,80,80,85,90,90,75,70,70,75,85,90,80,yes,"['Shared interest in digital art and technology', 'Natural and engaging conversation flow', 'Openness to sharing personal creative experiences', 'Lack of deep emotional connection', 'Absence of any major red flags']","Diego and Meilin's interaction at the art exhibition was quite positive, characterized by a natural flow and shared interests in digital art and technology. Both participants displayed enthusiasm and curiosity, which facilitated a smooth conversation. They exchanged personal experiences with creating art, indicating a willingness to be open and vulnerable. However, the conversation largely remained on the surface level, focusing on shared interests without delving deeply into personal values or emotional topics. While they expressed mutual enjoyment and a desire to meet again, the interaction lacked depth in terms of emotional connection. Overall, their compatibility is promising but not exceptional, as the conversation did not reveal any significant red flags or profound emotional bonding.",You are attending an art exhibition together on a Saturday evening.,2
Diego,Mingxia,78,Just right,yes,"The interaction with Mingxia was engaging and enjoyable. We shared a strong interest in art and technology, which made the conversation flow naturally. Mingxia seemed sincere and intelligent, and I appreciated her openness about her own creative pursuits. There were no red flags, and the conversation felt balanced in terms of length and depth. Overall, it was a good match, and I would be interested in seeing her again to explore our shared interests further.",78,75,70,85,90,80,72,70,70,65,80,85,75,yes,"['Strong shared interest in art and technology', 'Natural and engaging conversation flow', 'Lack of discussion on deeper personal values', ""Mutual appreciation for each other's creative work"", 'Potential limitation in emotional depth']","Diego and Mingxia's interaction at the art exhibition reveals a shared interest in art and technology, which is a strong foundation for compatibility. Their conversation flows naturally, with both parties engaging in mutual inquiry about each other's interests and experiences. They express genuine curiosity and appreciation for each other's creative endeavors, indicating a good level of emotional connection. However, the interaction lacks depth beyond their shared interests, with no discussion of personal values or deeper emotional topics. This could suggest a limitation in their compatibility if their relationship were to extend beyond shared hobbies.",You are attending an art exhibition together on a Saturday evening.,2
Diego,Minji,85,Just right,yes,"The interaction with Minji was engaging and enjoyable. We shared a lot of common interests, particularly in art and music, which made the conversation flow naturally. Minji seemed sincere and intelligent, and the discussion about interactive art and music was both fun and thought-provoking. There were no red flags, and I felt a genuine connection. The length of the conversation was just right, allowing us to explore various topics without feeling rushed. Overall, it was an excellent match, and I would be interested in seeing Minji again to explore more shared interests.",78,80,88,85,92,90,72,70,70,65,80,85,75,yes,"['Shared interest in interactive and digital art', 'Mutual appreciation for music as a form of expression', 'Natural and easy conversation flow', 'Lack of deeper emotional connection', 'Surface-level interaction without exploring personal values']","Diego and Minji's conversation at the art exhibition reveals a generally positive interaction with shared interests in art and music. Their dialogue flows naturally, indicating a comfortable rapport. Both express enthusiasm for interactive installations and digital art, suggesting a good alignment in interests. However, the conversation remains surface-level, lacking deeper emotional connection or exploration of personal values. While they share a mutual appreciation for art as a form of expression, the interaction doesn't delve into more personal or challenging topics that could test compatibility further. The exchange is pleasant but doesn't reveal much about their potential as a long-term match.",You are attending an art exhibition together on a Saturday evening.,2
Diego,Niran,85,Just right,yes,"The interaction with Niran was engaging and enjoyable. We shared a lot of common interests, particularly in the realm of digital art and technology, which made the conversation flow naturally. Niran seemed sincere and intelligent, and I appreciated their openness about their creative pursuits. The conversation was balanced and fun, with no red flags or awkward moments. Overall, there was a genuine connection, and I would definitely be interested in seeing Niran again to explore more shared interests.",75,80,88,85,95,90,75,70,70,75,85,90,80,yes,"['Strong shared interest in art and technology', 'Natural conversation flow', 'Lack of deep emotional connection', 'Desire to meet again', 'Surface-level interaction']","Diego and Niran's interaction at the art exhibition demonstrates a solid foundation of shared interests, particularly in the realm of art and technology. Their conversation flows naturally, indicating a good level of comfort with each other. Both express enthusiasm for digital art and interactive installations, which suggests a strong overlap in interests. However, the conversation remains largely on the surface, focusing on shared hobbies without delving deeply into personal values or emotional topics. While they both express a desire to meet again, the interaction lacks a significant emotional connection, which might be necessary for a deeper relationship. Additionally, there's a noticeable absence of any discussion about potential differences or challenges they might face, which could be a concern in the long run.",You are attending an art exhibition together on a Saturday evening.,2
Diego,Rafael,85,Just right,yes,"The interaction with Rafael was engaging and enjoyable. We shared a lot of common interests, especially in art, which made the conversation flow naturally. Rafael seemed sincere and intelligent, and I appreciated his perspective on how art influences different aspects of life. There were no red flags, and I felt a genuine connection. I would be interested in seeing Rafael again to explore more shared interests and continue our discussions.",70,75,80,85,95,90,75,75,70,65,80,90,85,yes,"['Strong shared interest in art', 'Natural conversation flow', 'Limited exploration of personal topics', 'Mutual appreciation for creativity', 'Potential lack of depth in emotional connection']","Diego and Rafael's conversation at the art exhibition reveals a shared interest in art and creativity, which forms a strong basis for their interaction. Their dialogue flows naturally, indicating comfort and ease in each other's company. Both express appreciation for various art styles, and they engage in thoughtful exchanges about how art influences their lives. However, the conversation remains largely focused on art, with limited exploration of other personal or deeper topics. This could suggest a lack of depth in their connection beyond shared interests. Additionally, while they express a desire to meet again, it's unclear if this is driven by genuine interest or merely politeness.",You are attending an art exhibition together on a Saturday evening.,2
Diego,Riya,78,Just right,yes,"The interaction with Riya was engaging and insightful. We shared a strong mutual interest in art, particularly in how it evokes emotions and tells stories. Her sincerity and intelligence were apparent throughout the conversation, and I appreciated her thoughtful reflections on art. While the conversation was enjoyable and we had shared interests, there wasn't an overwhelming spark of attraction. However, the potential for a deeper connection is there, given our common interests and her genuine nature. Overall, it was a positive experience, and I would be interested in seeing her again to explore this potential further.",65,75,70,85,90,80,75,70,70,65,75,85,80,yes,"['Shared interest in contemporary and multimedia art', 'Natural and engaging conversation flow', 'Lack of deeper personal topics discussed', ""Mutual appreciation for art's emotional impact"", ""Potential for growth in understanding each other's broader life perspectives""]","Diego and Riya's interaction at the art exhibition reveals a shared enthusiasm for art, particularly in how it evokes emotions and stories. Their conversation flows naturally, with both parties actively engaging and showing genuine interest in each other's perspectives. They share a common appreciation for contemporary and multimedia art, which suggests a strong alignment in interests. However, the conversation remains somewhat surface-level, focusing mainly on art without delving into personal or deeper topics that might reveal more about their compatibility in other areas of life. While their interaction is pleasant and respectful, it lacks the depth or variety that might indicate a truly exceptional match.",You are attending an art exhibition together on a Saturday evening.,2
Diego,Sakura,85,Just right,yes,"The interaction with Sakura was very enjoyable and engaging. We shared a strong interest in art, particularly in contemporary and interactive art, which made the conversation flow naturally. Sakura seemed sincere, intelligent, and fun, which made the evening memorable. There were no red flags, and I felt a genuine connection. Overall, it was an excellent match, and I would be interested in seeing her again.",75,80,88,85,92,90,72,70,70,65,80,85,75,yes,"['Strong shared interest in contemporary and interactive art', 'Natural and engaging conversation flow', 'Lack of deeper emotional connection', 'Limited exploration of topics beyond art', ""Positive and open attitude towards each other's experiences""]","Diego and Sakura's interaction at the art exhibition was pleasant and engaging, marked by a shared interest in contemporary and interactive art. Their conversation flowed naturally, with both participants showing genuine curiosity about each other's preferences and experiences. They both expressed enthusiasm for the art scene and shared personal anecdotes about memorable art installations. However, while the interaction was smooth, it lacked depth in emotional connection, focusing primarily on surface-level topics related to art. There were no apparent red flags or concerning behaviors, but the conversation did not delve into more personal or diverse topics that might reveal deeper compatibility.",You are attending an art exhibition together on a Saturday evening.,2
Diego,Sofia,85,Just right,yes,"The interaction with Sofia was highly satisfying. We shared a strong mutual interest in art, particularly contemporary and digital art, which made the conversation engaging and enjoyable. Sofia seemed sincere and intelligent, and her enthusiasm for art was contagious. There were no red flags, and the conversation flowed naturally, indicating a good level of compatibility. Overall, it was an excellent match, and I would be interested in seeing her again to explore more art exhibitions together.",75,80,80,85,90,90,65,65,70,60,80,85,75,yes,"['Shared interest in contemporary and digital art', 'Natural conversation flow', 'Lack of deeper emotional connection', 'Limited exploration of personal values', 'Potential for future shared experiences']","Diego and Sofia's interaction at the art exhibition was pleasant but lacked depth. Both showed a shared interest in art, particularly contemporary and digital art, which is a positive sign. However, the conversation remained surface-level, focusing primarily on art preferences without delving into more personal topics or exploring deeper emotional connections. While they both expressed excitement about art exhibitions and shared some favorite artists, there was no significant exploration of values or personal experiences beyond their mutual interest in art. The conversation flowed naturally, but it didn't reveal much about their personalities or compatibility in other areas of life.",You are attending an art exhibition together on a Saturday evening.,2
Diego,Soojin,78,Just right,yes,"The interaction with Soojin was engaging and enjoyable. We shared a mutual interest in art and creativity, which made the conversation flow naturally. Soojin seemed sincere and intelligent, and I appreciated her openness to different art forms. There was a good balance between discussing personal interests and exploring the exhibition together. While there were no major red flags, the conversation felt more like a pleasant exchange than a deep connection. However, the shared interests and enjoyable interaction suggest potential for further exploration.",70,75,77,80,82,85,65,50,70,60,65,70,75,yes,"['Shared interest in art and creativity', 'Polite and friendly interaction', 'Lack of deep emotional connection', 'Surface-level conversation', 'Potential for further exploration']","Diego and Soojin's conversation at the art exhibition was pleasant and flowed naturally. They both showed genuine interest in each other's thoughts and hobbies, such as art and music. However, the interaction lacked depth in emotional connection and exploration of personal values, which are crucial for a stronger bond. While they shared some common interests, the conversation was more about surface-level enjoyment rather than delving into meaningful topics that could reveal deeper compatibility. The dialogue was polite and friendly, but it didn't showcase any strong chemistry or unique connection that would suggest an exceptional match.",You are attending an art exhibition together on a Saturday evening.,2
Diego,Thao,78,Just right,yes,"The interaction with Thao was enjoyable and engaging. We shared a mutual appreciation for art and creativity, which made the conversation flow naturally. Thao seemed sincere and intelligent, and there was a good level of shared interests, particularly in travel and art. While there weren't any major sparks, there was a comfortable connection that suggests potential for future interactions. Overall, it was a positive experience with no red flags, making me interested in seeing Thao again.",65,75,70,80,80,85,68,55,70,60,65,80,75,yes,"['Shared interest in art and travel', 'Natural conversation flow', 'Lack of deep emotional connection', 'Surface-level interaction', 'Potential for future exploration of common interests']","Diego and Thao's interaction at the art exhibition was pleasant and cordial, showcasing a shared appreciation for art and travel. Their conversation flowed naturally, with both parties contributing equally and expressing genuine interest in each other's thoughts. However, the dialogue remained surface-level, focusing primarily on art and travel without delving into deeper personal topics. This indicates a decent initial connection but lacks depth in emotional engagement. Both individuals appear to have compatible interests, particularly in art and travel, which is a positive sign for future interactions. Nevertheless, the conversation did not reveal any profound insights into their personalities or values, which are crucial for assessing long-term compatibility.",You are attending an art exhibition together on a Saturday evening.,2
Diego,Yuki,85,Just right,yes,"The interaction with Yuki was genuinely enjoyable and inspiring. We shared a lot of common interests, particularly in art and creativity, which made the conversation flow naturally. Yuki seemed very sincere and intelligent, and I appreciated her openness about her artistic pursuits. The length of the conversation felt just right, allowing us to connect without feeling rushed. Overall, there was a strong connection, and I would be interested in seeing Yuki again to explore our shared interests further.",80,80,88,85,90,90,72,70,70,65,80,85,75,yes,"['Shared interest in art and creativity', 'Natural and engaging conversation flow', 'Divergent artistic preferences', 'Lack of deeper emotional connection', 'Potential for enriched perspectives through differing interests']","Diego and Yuki's interaction at the art exhibition shows a decent level of compatibility, primarily driven by their shared interest in art and creativity. Both participants engage in a natural and flowing conversation, indicating a good conversational dynamic. They express genuine interest in each other's artistic preferences and creative endeavors, which suggests a mutual appreciation for each other's passions. However, while they share interests in art, their preferences diverge slightly, with Diego leaning towards modern art and technology and Yuki towards surrealism and traditional painting. This difference could either enrich their relationship by offering diverse perspectives or create a gap if not embraced. The conversation lacks deeper emotional connection or personal sharing beyond the topic of art, which could be a concern for long-term compatibility.",You are attending an art exhibition together on a Saturday evening.,2
